<?xml version="1.0" encoding="utf-8"?>
<project basedir="." default="dist" name="teitoxsd">
  <!--
	This library is free software; you can redistribute it and/or
	modify it under the terms of the GNU Lesser General Public
	License as published by the Free Software Foundation; either
	version 2.1 of the License, or (at your option) any later version.
	
	This library is distributed in the hope that it will be useful,
	but WITHOUT ANY WARRANTY; without even the implied warranty of
	MERCHANTABILITY or FITNESS FOR A PARTICULAR PURPOSE.  See the GNU
	Lesser General Public License for more details.
	
	You should have received a copy of the GNU Lesser General Public
	License along with this library; if not, write to the Free Software
	Foundation, Inc., 59 Temple Place, Suite 330, Boston, MA  02111-1307  USA
	
        Id: $Id$
        Copyright: 2011, TEI Consortium<
-->
  <!--
 Convert TEI documents into XSD files.
 -->
  <import file="../common/teianttasks.xml"/>

 <target name="dist" depends="go,oddcleanup"/>

  <!-- Obtain a Relax NG schema and afterward transform it to XSD using TRANG. -->
  <target name="go">
    <oddexpand in="${inputFile}" out="${inputFile}.processedodd"/>
    <buildgeneric type="relaxng" xsl="${profiledir}/${profile}/relaxng/to.xsl" in="${inputFile}.processedodd" out="${outputFile}.rng"/>
    <echo level="info">TRANG generate XSD from RELAXNG files</echo>
    <java classname="com.thaiopensource.relaxng.translate.Driver" fork="no">
      <classpath>
        <path refid="classpath"/>
        <pathelement location="${trang.jar}"/>
      </classpath>
      <!-- Even though the output type is inferred from the output file extension,
                 make sure it's the right one. -->
      <arg value="-O"/>
      <arg value="xsd"/>
      <arg value="${outputFile}.rng"/>
      <arg value="${outputFile}"/>
    </java>
    <delete file="${outputFile}.rng"/>
  </target>
</project>
