<?xml version="1.0" encoding="UTF-8"?>
<div xmlns="http://www.tei-c.org/ns/1.0"
     xmlns:XSL="http://www.w3.org/1999/XSL/Transform">
   <head>Summary</head>
   <p>A total of 105 elements are selected for use in
	the <gi>text</gi> part of a document; an additional
40
elements are allowed for in the header. The following table
	shows the usage of all elements in six existing corpora, and
	classifies them 11 usage groups. There are
16 elements 
listed which are <emph>not</emph> allowed in TEI Simple, but should be transformed
to another element.</p>
   <table>
      <row role="label">
         <cell>Element</cell>
         <cell>dbnl</cell>
         <cell>obvil</cell>
         <cell>cesr</cell>
         <cell>ota</cell>
         <cell>dta</cell>
         <cell>TCP</cell>
         <cell>Group</cell>
         <cell>Use instead</cell>
      </row>
      <row>
         <cell>TEI</cell>
         <cell rend="right">10172</cell>
         <cell rend="right">126</cell>
         <cell rend="right">50</cell>
         <cell rend="right">457</cell>
         <cell rend="right">848</cell>
         <cell rend="right">61315</cell>
         <cell>structure</cell>
         <cell/>
      </row>
      <row>
         <cell>ab</cell>
         <cell rend="right">0</cell>
         <cell rend="right">290</cell>
         <cell rend="right">1022</cell>
         <cell rend="right">60480</cell>
         <cell rend="right">0</cell>
         <cell rend="right">668</cell>
         <cell>structure</cell>
         <cell/>
      </row>
      <row>
         <cell>abbr</cell>
         <cell rend="right">0</cell>
         <cell rend="right">0</cell>
         <cell rend="right">1482</cell>
         <cell rend="right">0</cell>
         <cell rend="right">69</cell>
         <cell rend="right">533814</cell>
         <cell>editorial</cell>
         <cell/>
      </row>
      <row>
         <cell>actor</cell>
         <cell rend="right">0</cell>
         <cell rend="right">0</cell>
         <cell rend="right">0</cell>
         <cell rend="right">0</cell>
         <cell rend="right">12</cell>
         <cell rend="right">0</cell>
         <cell>castlist</cell>
         <cell/>
      </row>
      <row>
         <cell>add</cell>
         <cell rend="right">0</cell>
         <cell rend="right">0</cell>
         <cell rend="right">71</cell>
         <cell rend="right">65</cell>
         <cell rend="right">0</cell>
         <cell rend="right">2441</cell>
         <cell>editorial</cell>
         <cell/>
      </row>
      <row>
         <cell>addName</cell>
         <cell rend="right">0</cell>
         <cell rend="right">0</cell>
         <cell rend="right">7</cell>
         <cell rend="right">0</cell>
         <cell rend="right">0</cell>
         <cell rend="right">0</cell>
         <cell/>
         <cell>
            <gi>name</gi>
         </cell>
      </row>
      <row>
         <cell>addSpan</cell>
         <cell rend="right">0</cell>
         <cell rend="right">0</cell>
         <cell rend="right">0</cell>
         <cell rend="right">2</cell>
         <cell rend="right">0</cell>
         <cell rend="right">4</cell>
         <cell>editorial</cell>
         <cell/>
      </row>
      <row>
         <cell>addrLine</cell>
         <cell rend="right">0</cell>
         <cell rend="right">0</cell>
         <cell rend="right">10</cell>
         <cell rend="right">0</cell>
         <cell rend="right">0</cell>
         <cell rend="right">0</cell>
         <cell>structure</cell>
         <cell/>
      </row>
      <row>
         <cell>address</cell>
         <cell rend="right">0</cell>
         <cell rend="right">0</cell>
         <cell rend="right">5</cell>
         <cell rend="right">0</cell>
         <cell rend="right">0</cell>
         <cell rend="right">0</cell>
         <cell>structure</cell>
         <cell/>
      </row>
      <row>
         <cell>am</cell>
         <cell rend="right">0</cell>
         <cell rend="right">0</cell>
         <cell rend="right">0</cell>
         <cell rend="right">0</cell>
         <cell rend="right">0</cell>
         <cell rend="right">166291</cell>
         <cell>editorial</cell>
         <cell/>
      </row>
      <row>
         <cell>anchor</cell>
         <cell rend="right">0</cell>
         <cell rend="right">233</cell>
         <cell rend="right">0</cell>
         <cell rend="right">29</cell>
         <cell rend="right">0</cell>
         <cell rend="right">4</cell>
         <cell>structure</cell>
         <cell/>
      </row>
      <row>
         <cell>argument</cell>
         <cell rend="right">0</cell>
         <cell rend="right">151</cell>
         <cell rend="right">0</cell>
         <cell rend="right">57</cell>
         <cell rend="right">2268</cell>
         <cell rend="right">71478</cell>
         <cell>wrapper</cell>
         <cell/>
      </row>
      <row>
         <cell>att</cell>
         <cell rend="right">0</cell>
         <cell rend="right">0</cell>
         <cell rend="right">0</cell>
         <cell rend="right">0</cell>
         <cell rend="right">0</cell>
         <cell rend="right">0</cell>
         <cell>header</cell>
         <cell/>
      </row>
      <row>
         <cell>author</cell>
         <cell rend="right">0</cell>
         <cell rend="right">34</cell>
         <cell rend="right">83</cell>
         <cell rend="right">1</cell>
         <cell rend="right">0</cell>
         <cell rend="right">0</cell>
         <cell>interpretation</cell>
         <cell/>
      </row>
      <row>
         <cell>back</cell>
         <cell rend="right">0</cell>
         <cell rend="right">1</cell>
         <cell rend="right">29</cell>
         <cell rend="right">77</cell>
         <cell rend="right">608</cell>
         <cell rend="right">24439</cell>
         <cell>structure</cell>
         <cell/>
      </row>
      <row>
         <cell>bibl</cell>
         <cell rend="right">3187</cell>
         <cell rend="right">274</cell>
         <cell rend="right">155</cell>
         <cell rend="right">414</cell>
         <cell rend="right">4362</cell>
         <cell rend="right">296835</cell>
         <cell>structure</cell>
         <cell/>
      </row>
      <row>
         <cell>biblFull</cell>
         <cell rend="right">0</cell>
         <cell rend="right">0</cell>
         <cell rend="right">0</cell>
         <cell rend="right">0</cell>
         <cell rend="right">0</cell>
         <cell rend="right">0</cell>
         <cell>header</cell>
         <cell/>
      </row>
      <row>
         <cell>biblScope</cell>
         <cell rend="right">0</cell>
         <cell rend="right">0</cell>
         <cell rend="right">4</cell>
         <cell rend="right">0</cell>
         <cell rend="right">0</cell>
         <cell rend="right">0</cell>
         <cell>header</cell>
         <cell/>
      </row>
      <row>
         <cell>biblStruct</cell>
         <cell rend="right">0</cell>
         <cell rend="right">0</cell>
         <cell rend="right">0</cell>
         <cell rend="right">0</cell>
         <cell rend="right">0</cell>
         <cell rend="right">0</cell>
         <cell>header</cell>
         <cell/>
      </row>
      <row>
         <cell>body</cell>
         <cell rend="right">10171</cell>
         <cell rend="right">126</cell>
         <cell rend="right">50</cell>
         <cell rend="right">688</cell>
         <cell rend="right">1155</cell>
         <cell rend="right">106968</cell>
         <cell>structure</cell>
         <cell/>
      </row>
      <row>
         <cell>byline</cell>
         <cell rend="right">0</cell>
         <cell rend="right">17</cell>
         <cell rend="right">8</cell>
         <cell rend="right">619</cell>
         <cell rend="right">1028</cell>
         <cell rend="right">12525</cell>
         <cell>wrapper</cell>
         <cell/>
      </row>
      <row>
         <cell>c</cell>
         <cell rend="right">8966</cell>
         <cell rend="right">0</cell>
         <cell rend="right">0</cell>
         <cell rend="right">0</cell>
         <cell rend="right">0</cell>
         <cell rend="right">0</cell>
         <cell>linguistic</cell>
         <cell/>
      </row>
      <row>
         <cell>caesura</cell>
         <cell rend="right">0</cell>
         <cell rend="right">0</cell>
         <cell rend="right">0</cell>
         <cell rend="right">30299</cell>
         <cell rend="right">0</cell>
         <cell rend="right">0</cell>
         <cell> </cell>
         <cell>
            <gi>milestone</gi>
         </cell>
      </row>
      <row>
         <cell>castGroup</cell>
         <cell rend="right">0</cell>
         <cell rend="right">0</cell>
         <cell rend="right">29</cell>
         <cell rend="right">0</cell>
         <cell rend="right">51</cell>
         <cell rend="right">0</cell>
         <cell>castlist</cell>
         <cell/>
      </row>
      <row>
         <cell>castItem</cell>
         <cell rend="right">0</cell>
         <cell rend="right">0</cell>
         <cell rend="right">63</cell>
         <cell rend="right">90</cell>
         <cell rend="right">744</cell>
         <cell rend="right">0</cell>
         <cell>castlist</cell>
         <cell/>
      </row>
      <row>
         <cell>castList</cell>
         <cell rend="right">0</cell>
         <cell rend="right">0</cell>
         <cell rend="right">28</cell>
         <cell rend="right">4</cell>
         <cell rend="right">74</cell>
         <cell rend="right">0</cell>
         <cell>castlist</cell>
         <cell/>
      </row>
      <row>
         <cell>cb</cell>
         <cell rend="right">0</cell>
         <cell rend="right">0</cell>
         <cell rend="right">66</cell>
         <cell rend="right">0</cell>
         <cell rend="right">26294</cell>
         <cell rend="right">0</cell>
         <cell>structure</cell>
         <cell/>
      </row>
      <row>
         <cell>cell</cell>
         <cell rend="right">5895818</cell>
         <cell rend="right">242</cell>
         <cell rend="right">3218</cell>
         <cell rend="right">1282</cell>
         <cell rend="right">34153</cell>
         <cell rend="right">3455220</cell>
         <cell>table</cell>
         <cell/>
      </row>
      <row>
         <cell>change</cell>
         <cell rend="right">0</cell>
         <cell rend="right">0</cell>
         <cell rend="right">0</cell>
         <cell rend="right">0</cell>
         <cell rend="right">0</cell>
         <cell rend="right">0</cell>
         <cell>header</cell>
         <cell/>
      </row>
      <row>
         <cell>charDecl</cell>
         <cell rend="right">0</cell>
         <cell rend="right">0</cell>
         <cell rend="right">0</cell>
         <cell rend="right">0</cell>
         <cell rend="right">0</cell>
         <cell rend="right">0</cell>
         <cell>header</cell>
         <cell/>
      </row>
      <row>
         <cell>charProp</cell>
         <cell rend="right">0</cell>
         <cell rend="right">0</cell>
         <cell rend="right">0</cell>
         <cell rend="right">0</cell>
         <cell rend="right">0</cell>
         <cell rend="right">0</cell>
         <cell>header</cell>
         <cell/>
      </row>
      <row>
         <cell>choice</cell>
         <cell rend="right">0</cell>
         <cell rend="right">0</cell>
         <cell rend="right">61228</cell>
         <cell rend="right">770</cell>
         <cell rend="right">8799</cell>
         <cell rend="right">4106</cell>
         <cell>editorial</cell>
         <cell/>
      </row>
      <row>
         <cell>cit</cell>
         <cell rend="right">3209</cell>
         <cell rend="right">12</cell>
         <cell rend="right">99</cell>
         <cell rend="right">155</cell>
         <cell rend="right">5431</cell>
         <cell rend="right">0</cell>
         <cell>structure</cell>
         <cell/>
      </row>
      <row>
         <cell>closer</cell>
         <cell rend="right">0</cell>
         <cell rend="right">0</cell>
         <cell rend="right">35</cell>
         <cell rend="right">88</cell>
         <cell rend="right">1430</cell>
         <cell rend="right">122281</cell>
         <cell>wrapper</cell>
         <cell/>
      </row>
      <row>
         <cell>code</cell>
         <cell rend="right">0</cell>
         <cell rend="right">0</cell>
         <cell rend="right">0</cell>
         <cell rend="right">1</cell>
         <cell rend="right">0</cell>
         <cell rend="right">0</cell>
         <cell> </cell>
         <cell>
            <gi>hi</gi>
         </cell>
      </row>
      <row>
         <cell>corr</cell>
         <cell rend="right">0</cell>
         <cell rend="right">0</cell>
         <cell rend="right">3103</cell>
         <cell rend="right">505</cell>
         <cell rend="right">5966</cell>
         <cell rend="right">0</cell>
         <cell>editorial</cell>
         <cell/>
      </row>
      <row>
         <cell>country</cell>
         <cell rend="right">0</cell>
         <cell rend="right">0</cell>
         <cell rend="right">1</cell>
         <cell rend="right">0</cell>
         <cell rend="right">0</cell>
         <cell rend="right">0</cell>
         <cell> </cell>
         <cell>
            <gi>name</gi>
         </cell>
      </row>
      <row>
         <cell>date</cell>
         <cell rend="right">7842</cell>
         <cell rend="right">47</cell>
         <cell rend="right">119</cell>
         <cell rend="right">61</cell>
         <cell rend="right">112</cell>
         <cell rend="right">64488</cell>
         <cell>interpretation</cell>
         <cell/>
      </row>
      <row>
         <cell>dateline</cell>
         <cell rend="right">0</cell>
         <cell rend="right">382</cell>
         <cell rend="right">1</cell>
         <cell rend="right">0</cell>
         <cell rend="right">2264</cell>
         <cell rend="right">53370</cell>
         <cell>wrapper</cell>
         <cell/>
      </row>
      <row>
         <cell>del</cell>
         <cell rend="right">0</cell>
         <cell rend="right">0</cell>
         <cell rend="right">62</cell>
         <cell rend="right">15</cell>
         <cell rend="right">0</cell>
         <cell rend="right">7</cell>
         <cell>editorial</cell>
         <cell/>
      </row>
      <row>
         <cell>desc</cell>
         <cell rend="right">0</cell>
         <cell rend="right">186</cell>
         <cell rend="right">0</cell>
         <cell rend="right">241</cell>
         <cell rend="right">0</cell>
         <cell rend="right">6878050</cell>
         <cell>editorial</cell>
         <cell/>
      </row>
      <row>
         <cell>div</cell>
         <cell rend="right">1856262</cell>
         <cell rend="right">4584</cell>
         <cell rend="right">2128</cell>
         <cell rend="right">16744</cell>
         <cell rend="right">104832</cell>
         <cell rend="right">1564908</cell>
         <cell>structure</cell>
         <cell/>
      </row>
      <row>
         <cell>docAuthor</cell>
         <cell rend="right">0</cell>
         <cell rend="right">14</cell>
         <cell rend="right">0</cell>
         <cell rend="right">381</cell>
         <cell rend="right">823</cell>
         <cell rend="right">0</cell>
         <cell>titlepage</cell>
         <cell/>
      </row>
      <row>
         <cell>docDate</cell>
         <cell rend="right">0</cell>
         <cell rend="right">388</cell>
         <cell rend="right">44</cell>
         <cell rend="right">6</cell>
         <cell rend="right">899</cell>
         <cell rend="right">0</cell>
         <cell>titlepage</cell>
         <cell/>
      </row>
      <row>
         <cell>docEdition</cell>
         <cell rend="right">0</cell>
         <cell rend="right">1</cell>
         <cell rend="right">0</cell>
         <cell rend="right">0</cell>
         <cell rend="right">14</cell>
         <cell rend="right">0</cell>
         <cell>titlepage</cell>
         <cell/>
      </row>
      <row>
         <cell>docImprint</cell>
         <cell rend="right">0</cell>
         <cell rend="right">0</cell>
         <cell rend="right">46</cell>
         <cell rend="right">223</cell>
         <cell rend="right">946</cell>
         <cell rend="right">0</cell>
         <cell>titlepage</cell>
         <cell/>
      </row>
      <row>
         <cell>docTitle</cell>
         <cell rend="right">0</cell>
         <cell rend="right">1</cell>
         <cell rend="right">48</cell>
         <cell rend="right">349</cell>
         <cell rend="right">1156</cell>
         <cell rend="right">0</cell>
         <cell>titlepage</cell>
         <cell/>
      </row>
      <row>
         <cell>editor</cell>
         <cell rend="right">0</cell>
         <cell rend="right">0</cell>
         <cell rend="right">0</cell>
         <cell rend="right">0</cell>
         <cell rend="right">0</cell>
         <cell rend="right">0</cell>
         <cell>header</cell>
         <cell/>
      </row>
      <row>
         <cell>editorialDecl</cell>
         <cell rend="right">0</cell>
         <cell rend="right">0</cell>
         <cell rend="right">0</cell>
         <cell rend="right">0</cell>
         <cell rend="right">0</cell>
         <cell rend="right">0</cell>
         <cell>header</cell>
         <cell/>
      </row>
      <row>
         <cell>email</cell>
         <cell rend="right">0</cell>
         <cell rend="right">0</cell>
         <cell rend="right">0</cell>
         <cell rend="right">0</cell>
         <cell rend="right">0</cell>
         <cell rend="right">0</cell>
         <cell>header</cell>
         <cell/>
      </row>
      <row>
         <cell>emph</cell>
         <cell rend="right">0</cell>
         <cell rend="right">1090</cell>
         <cell rend="right">0</cell>
         <cell rend="right">6711</cell>
         <cell rend="right">0</cell>
         <cell rend="right">0</cell>
         <cell> </cell>
         <cell>
            <gi>hi</gi>
         </cell>
      </row>
      <row>
         <cell>encodingDesc</cell>
         <cell rend="right">0</cell>
         <cell rend="right">0</cell>
         <cell rend="right">0</cell>
         <cell rend="right">0</cell>
         <cell rend="right">0</cell>
         <cell rend="right">0</cell>
         <cell>header</cell>
         <cell/>
      </row>
      <row>
         <cell>epigraph</cell>
         <cell rend="right">0</cell>
         <cell rend="right">2</cell>
         <cell rend="right">2</cell>
         <cell rend="right">487</cell>
         <cell rend="right">137</cell>
         <cell rend="right">45743</cell>
         <cell>wrapper</cell>
         <cell/>
      </row>
      <row>
         <cell>ex</cell>
         <cell rend="right">0</cell>
         <cell rend="right">0</cell>
         <cell rend="right">0</cell>
         <cell rend="right">0</cell>
         <cell rend="right">0</cell>
         <cell rend="right">166291</cell>
         <cell>editorial</cell>
         <cell/>
      </row>
      <row>
         <cell>expan</cell>
         <cell rend="right">0</cell>
         <cell rend="right">0</cell>
         <cell rend="right">1837</cell>
         <cell rend="right">0</cell>
         <cell rend="right">69</cell>
         <cell rend="right">170397</cell>
         <cell>editorial</cell>
         <cell/>
      </row>
      <row>
         <cell>extent</cell>
         <cell rend="right">0</cell>
         <cell rend="right">0</cell>
         <cell rend="right">0</cell>
         <cell rend="right">0</cell>
         <cell rend="right">0</cell>
         <cell rend="right">0</cell>
         <cell>header</cell>
         <cell/>
      </row>
      <row>
         <cell>figDesc</cell>
         <cell rend="right">151116</cell>
         <cell rend="right">0</cell>
         <cell rend="right">55</cell>
         <cell rend="right">87</cell>
         <cell rend="right">0</cell>
         <cell rend="right">27314</cell>
         <cell>pictures</cell>
         <cell/>
      </row>
      <row>
         <cell>figure</cell>
         <cell rend="right">329174</cell>
         <cell rend="right">206</cell>
         <cell rend="right">480</cell>
         <cell rend="right">227</cell>
         <cell rend="right">16866</cell>
         <cell rend="right">95853</cell>
         <cell>pictures</cell>
         <cell/>
      </row>
      <row>
         <cell>fileDesc</cell>
         <cell rend="right">0</cell>
         <cell rend="right">0</cell>
         <cell rend="right">0</cell>
         <cell rend="right">0</cell>
         <cell rend="right">0</cell>
         <cell rend="right">0</cell>
         <cell>header</cell>
         <cell/>
      </row>
      <row>
         <cell>floatingText</cell>
         <cell rend="right">0</cell>
         <cell rend="right">1</cell>
         <cell rend="right">0</cell>
         <cell rend="right">61</cell>
         <cell rend="right">307</cell>
         <cell rend="right">40502</cell>
         <cell>structure</cell>
         <cell/>
      </row>
      <row>
         <cell>foreign</cell>
         <cell rend="right">0</cell>
         <cell rend="right">46</cell>
         <cell rend="right">3348</cell>
         <cell rend="right">2365</cell>
         <cell rend="right">1929</cell>
         <cell rend="right">0</cell>
         <cell>interpretation</cell>
         <cell/>
      </row>
      <row>
         <cell>forename</cell>
         <cell rend="right">0</cell>
         <cell rend="right">1</cell>
         <cell rend="right">35</cell>
         <cell rend="right">0</cell>
         <cell rend="right">0</cell>
         <cell rend="right">0</cell>
         <cell> </cell>
         <cell>
            <gi>name</gi>
         </cell>
      </row>
      <row>
         <cell>formula</cell>
         <cell rend="right">0</cell>
         <cell rend="right">0</cell>
         <cell rend="right">0</cell>
         <cell rend="right">0</cell>
         <cell rend="right">25670</cell>
         <cell rend="right">0</cell>
         <cell>structure</cell>
         <cell/>
      </row>
      <row>
         <cell>front</cell>
         <cell rend="right">13</cell>
         <cell rend="right">25</cell>
         <cell rend="right">48</cell>
         <cell rend="right">380</cell>
         <cell rend="right">851</cell>
         <cell rend="right">49991</cell>
         <cell>structure</cell>
         <cell/>
      </row>
      <row>
         <cell>fw</cell>
         <cell rend="right">0</cell>
         <cell rend="right">0</cell>
         <cell rend="right">20554</cell>
         <cell rend="right">15</cell>
         <cell rend="right">336239</cell>
         <cell rend="right">1268</cell>
         <cell>structure</cell>
         <cell/>
      </row>
      <row>
         <cell>g</cell>
         <cell rend="right">0</cell>
         <cell rend="right">0</cell>
         <cell rend="right">1012</cell>
         <cell rend="right">489</cell>
         <cell rend="right">493</cell>
         <cell rend="right">915406</cell>
         <cell>character</cell>
         <cell/>
      </row>
      <row>
         <cell>gap</cell>
         <cell rend="right">0</cell>
         <cell rend="right">0</cell>
         <cell rend="right">18</cell>
         <cell rend="right">293</cell>
         <cell rend="right">5731</cell>
         <cell rend="right">6878505</cell>
         <cell>editorial</cell>
         <cell/>
      </row>
      <row>
         <cell>genName</cell>
         <cell rend="right">0</cell>
         <cell rend="right">0</cell>
         <cell rend="right">7</cell>
         <cell rend="right">0</cell>
         <cell rend="right">0</cell>
         <cell rend="right">0</cell>
         <cell> </cell>
         <cell>
            <gi>name</gi>
         </cell>
      </row>
      <row>
         <cell>gi</cell>
         <cell rend="right">0</cell>
         <cell rend="right">0</cell>
         <cell rend="right">0</cell>
         <cell rend="right">0</cell>
         <cell rend="right">0</cell>
         <cell rend="right">0</cell>
         <cell>header</cell>
         <cell/>
      </row>
      <row>
         <cell>glyph</cell>
         <cell rend="right">0</cell>
         <cell rend="right">0</cell>
         <cell rend="right">0</cell>
         <cell rend="right">0</cell>
         <cell rend="right">0</cell>
         <cell rend="right">0</cell>
         <cell>header</cell>
         <cell/>
      </row>
      <row>
         <cell>glyphName</cell>
         <cell rend="right">0</cell>
         <cell rend="right">0</cell>
         <cell rend="right">0</cell>
         <cell rend="right">0</cell>
         <cell rend="right">0</cell>
         <cell rend="right">0</cell>
         <cell>header</cell>
         <cell/>
      </row>
      <row>
         <cell>graphic</cell>
         <cell rend="right">0</cell>
         <cell rend="right">22</cell>
         <cell rend="right">362</cell>
         <cell rend="right">199</cell>
         <cell rend="right">0</cell>
         <cell rend="right">0</cell>
         <cell>pictures</cell>
         <cell/>
      </row>
      <row>
         <cell>group</cell>
         <cell rend="right">0</cell>
         <cell rend="right">0</cell>
         <cell rend="right">0</cell>
         <cell rend="right">20</cell>
         <cell rend="right">0</cell>
         <cell rend="right">2789</cell>
         <cell>structure</cell>
         <cell/>
      </row>
      <row>
         <cell>handShift</cell>
         <cell rend="right">0</cell>
         <cell rend="right">0</cell>
         <cell rend="right">0</cell>
         <cell rend="right">0</cell>
         <cell rend="right">0</cell>
         <cell rend="right">0</cell>
         <cell>editorial</cell>
         <cell/>
      </row>
      <row>
         <cell>head</cell>
         <cell rend="right">1958142</cell>
         <cell rend="right">4961</cell>
         <cell rend="right">2526</cell>
         <cell rend="right">14508</cell>
         <cell rend="right">117506</cell>
         <cell rend="right">1811315</cell>
         <cell>structure</cell>
         <cell/>
      </row>
      <row>
         <cell>hi</cell>
         <cell rend="right">21179130</cell>
         <cell rend="right">56953</cell>
         <cell rend="right">9424</cell>
         <cell rend="right">134872</cell>
         <cell rend="right">2367314</cell>
         <cell rend="right">57472111</cell>
         <cell>interpretation</cell>
         <cell/>
      </row>
      <row>
         <cell>idno</cell>
         <cell rend="right">0</cell>
         <cell rend="right">0</cell>
         <cell rend="right">0</cell>
         <cell rend="right">0</cell>
         <cell rend="right">0</cell>
         <cell rend="right">0</cell>
         <cell>header</cell>
         <cell/>
      </row>
      <row>
         <cell>imprimatur</cell>
         <cell rend="right">0</cell>
         <cell rend="right">0</cell>
         <cell rend="right">25</cell>
         <cell rend="right">23</cell>
         <cell rend="right">63</cell>
         <cell rend="right">0</cell>
         <cell>titlepage</cell>
         <cell/>
      </row>
      <row>
         <cell>imprint</cell>
         <cell rend="right">0</cell>
         <cell rend="right">0</cell>
         <cell rend="right">0</cell>
         <cell rend="right">0</cell>
         <cell rend="right">0</cell>
         <cell rend="right">0</cell>
         <cell>header</cell>
         <cell/>
      </row>
      <row>
         <cell>item</cell>
         <cell rend="right">3125926</cell>
         <cell rend="right">2023</cell>
         <cell rend="right">1806</cell>
         <cell rend="right">12400</cell>
         <cell rend="right">187951</cell>
         <cell rend="right">3779020</cell>
         <cell>structure</cell>
         <cell/>
      </row>
      <row>
         <cell>keywords</cell>
         <cell rend="right">0</cell>
         <cell rend="right">0</cell>
         <cell rend="right">0</cell>
         <cell rend="right">0</cell>
         <cell rend="right">0</cell>
         <cell rend="right">0</cell>
         <cell>header</cell>
         <cell/>
      </row>
      <row>
         <cell>l</cell>
         <cell rend="right">11532201</cell>
         <cell rend="right">21004</cell>
         <cell rend="right">39828</cell>
         <cell rend="right">268768</cell>
         <cell rend="right">557846</cell>
         <cell rend="right">11307818</cell>
         <cell>structure</cell>
         <cell/>
      </row>
      <row>
         <cell>label</cell>
         <cell rend="right">483377</cell>
         <cell rend="right">621</cell>
         <cell rend="right">469</cell>
         <cell rend="right">1712</cell>
         <cell rend="right">0</cell>
         <cell rend="right">618039</cell>
         <cell>structure</cell>
         <cell/>
      </row>
      <row>
         <cell>lb</cell>
         <cell rend="right">1352720</cell>
         <cell rend="right">3008</cell>
         <cell rend="right">237202</cell>
         <cell rend="right">233546</cell>
         <cell rend="right">9689271</cell>
         <cell rend="right">24097</cell>
         <cell>structure</cell>
         <cell/>
      </row>
      <row>
         <cell>lg</cell>
         <cell rend="right">528349</cell>
         <cell rend="right">316</cell>
         <cell rend="right">4481</cell>
         <cell rend="right">5790</cell>
         <cell rend="right">84157</cell>
         <cell rend="right">791590</cell>
         <cell>structure</cell>
         <cell/>
      </row>
      <row>
         <cell>licence</cell>
         <cell rend="right">0</cell>
         <cell rend="right">0</cell>
         <cell rend="right">0</cell>
         <cell rend="right">0</cell>
         <cell rend="right">0</cell>
         <cell rend="right">0</cell>
         <cell>header</cell>
         <cell/>
      </row>
      <row>
         <cell>list</cell>
         <cell rend="right">272365</cell>
         <cell rend="right">621</cell>
         <cell rend="right">115</cell>
         <cell rend="right">526</cell>
         <cell rend="right">24877</cell>
         <cell rend="right">407478</cell>
         <cell>structure</cell>
         <cell/>
      </row>
      <row>
         <cell>listBibl</cell>
         <cell rend="right">0</cell>
         <cell rend="right">1</cell>
         <cell rend="right">0</cell>
         <cell rend="right">0</cell>
         <cell rend="right">26</cell>
         <cell rend="right">0</cell>
         <cell>structure</cell>
         <cell/>
      </row>
      <row>
         <cell>listChange</cell>
         <cell rend="right">0</cell>
         <cell rend="right">0</cell>
         <cell rend="right">0</cell>
         <cell rend="right">0</cell>
         <cell rend="right">0</cell>
         <cell rend="right">0</cell>
         <cell>header</cell>
         <cell/>
      </row>
      <row>
         <cell>listPerson</cell>
         <cell rend="right">0</cell>
         <cell rend="right">0</cell>
         <cell rend="right">0</cell>
         <cell rend="right">0</cell>
         <cell rend="right">0</cell>
         <cell rend="right">0</cell>
         <cell>header</cell>
         <cell/>
      </row>
      <row>
         <cell>localName</cell>
         <cell rend="right">0</cell>
         <cell rend="right">0</cell>
         <cell rend="right">0</cell>
         <cell rend="right">0</cell>
         <cell rend="right">0</cell>
         <cell rend="right">0</cell>
         <cell>header</cell>
         <cell/>
      </row>
      <row>
         <cell>measure</cell>
         <cell rend="right">0</cell>
         <cell rend="right">0</cell>
         <cell rend="right">0</cell>
         <cell rend="right">0</cell>
         <cell rend="right">0</cell>
         <cell rend="right">0</cell>
         <cell>interpretation</cell>
         <cell/>
      </row>
      <row>
         <cell>milestone</cell>
         <cell rend="right">0</cell>
         <cell rend="right">46</cell>
         <cell rend="right">13</cell>
         <cell rend="right">4881</cell>
         <cell rend="right">49313</cell>
         <cell rend="right">0</cell>
         <cell>structure</cell>
         <cell/>
      </row>
      <row>
         <cell>monogr</cell>
         <cell rend="right">0</cell>
         <cell rend="right">0</cell>
         <cell rend="right">0</cell>
         <cell rend="right">0</cell>
         <cell rend="right">0</cell>
         <cell rend="right">0</cell>
         <cell>header</cell>
         <cell/>
      </row>
      <row>
         <cell>msDesc</cell>
         <cell rend="right">0</cell>
         <cell rend="right">0</cell>
         <cell rend="right">0</cell>
         <cell rend="right">0</cell>
         <cell rend="right">0</cell>
         <cell rend="right">0</cell>
         <cell>header</cell>
         <cell/>
      </row>
      <row>
         <cell>msIdentifier</cell>
         <cell rend="right">0</cell>
         <cell rend="right">0</cell>
         <cell rend="right">0</cell>
         <cell rend="right">0</cell>
         <cell rend="right">0</cell>
         <cell rend="right">0</cell>
         <cell>header</cell>
         <cell/>
      </row>
      <row>
         <cell>name</cell>
         <cell rend="right">536288</cell>
         <cell rend="right">12265</cell>
         <cell rend="right">32997</cell>
         <cell rend="right">2541</cell>
         <cell rend="right">0</cell>
         <cell rend="right">0</cell>
         <cell>interpretation</cell>
         <cell/>
      </row>
      <row>
         <cell>nameLink</cell>
         <cell rend="right">0</cell>
         <cell rend="right">0</cell>
         <cell rend="right">18</cell>
         <cell rend="right">0</cell>
         <cell rend="right">0</cell>
         <cell rend="right">0</cell>
         <cell> </cell>
         <cell>
            <gi>name</gi>
         </cell>
      </row>
      <row>
         <cell>note</cell>
         <cell rend="right">2705214</cell>
         <cell rend="right">9451</cell>
         <cell rend="right">2874</cell>
         <cell rend="right">4965</cell>
         <cell rend="right">187675</cell>
         <cell rend="right">5710304</cell>
         <cell>structure</cell>
         <cell/>
      </row>
      <row>
         <cell>num</cell>
         <cell rend="right">0</cell>
         <cell rend="right">862</cell>
         <cell rend="right">0</cell>
         <cell rend="right">0</cell>
         <cell rend="right">0</cell>
         <cell rend="right">0</cell>
         <cell>interpretation</cell>
         <cell/>
      </row>
      <row>
         <cell>opener</cell>
         <cell rend="right">0</cell>
         <cell rend="right">0</cell>
         <cell rend="right">2</cell>
         <cell rend="right">21</cell>
         <cell rend="right">513</cell>
         <cell rend="right">77640</cell>
         <cell>wrapper</cell>
         <cell/>
      </row>
      <row>
         <cell>orgName</cell>
         <cell rend="right">0</cell>
         <cell rend="right">30</cell>
         <cell rend="right">4607</cell>
         <cell rend="right">0</cell>
         <cell rend="right">0</cell>
         <cell rend="right">0</cell>
         <cell> </cell>
         <cell>
            <gi>name</gi>
         </cell>
      </row>
      <row>
         <cell>orig</cell>
         <cell rend="right">0</cell>
         <cell rend="right">0</cell>
         <cell rend="right">57301</cell>
         <cell rend="right">274</cell>
         <cell rend="right">2769</cell>
         <cell rend="right">0</cell>
         <cell>editorial</cell>
         <cell/>
      </row>
      <row>
         <cell>p</cell>
         <cell rend="right">12413479</cell>
         <cell rend="right">68273</cell>
         <cell rend="right">4855</cell>
         <cell rend="right">391507</cell>
         <cell rend="right">607881</cell>
         <cell rend="right">11892546</cell>
         <cell>structure</cell>
         <cell/>
      </row>
      <row>
         <cell>pb</cell>
         <cell rend="right">2814727</cell>
         <cell rend="right">6156</cell>
         <cell rend="right">9497</cell>
         <cell rend="right">22352</cell>
         <cell rend="right">311001</cell>
         <cell rend="right">5424219</cell>
         <cell>structure</cell>
         <cell/>
      </row>
      <row>
         <cell>pc</cell>
         <cell rend="right">0</cell>
         <cell rend="right">0</cell>
         <cell rend="right">230</cell>
         <cell rend="right">0</cell>
         <cell rend="right">0</cell>
         <cell rend="right">0</cell>
         <cell>linguistic</cell>
         <cell/>
      </row>
      <row>
         <cell>persName</cell>
         <cell rend="right">0</cell>
         <cell rend="right">4045</cell>
         <cell rend="right">662</cell>
         <cell rend="right">0</cell>
         <cell rend="right">26217</cell>
         <cell rend="right">0</cell>
         <cell> </cell>
         <cell>
            <gi>name</gi>
         </cell>
      </row>
      <row>
         <cell>physDesc</cell>
         <cell rend="right">0</cell>
         <cell rend="right">0</cell>
         <cell rend="right">0</cell>
         <cell rend="right">0</cell>
         <cell rend="right">0</cell>
         <cell rend="right">0</cell>
         <cell>header</cell>
         <cell/>
      </row>
      <row>
         <cell>placeName</cell>
         <cell rend="right">0</cell>
         <cell rend="right">386</cell>
         <cell rend="right">11646</cell>
         <cell rend="right">0</cell>
         <cell rend="right">18652</cell>
         <cell rend="right">0</cell>
         <cell> </cell>
         <cell>
            <gi>name</gi>
         </cell>
      </row>
      <row>
         <cell>postscript</cell>
         <cell rend="right">0</cell>
         <cell rend="right">17</cell>
         <cell rend="right">0</cell>
         <cell rend="right">0</cell>
         <cell rend="right">133</cell>
         <cell rend="right">6142</cell>
         <cell>wrapper</cell>
         <cell/>
      </row>
      <row>
         <cell>profileDesc</cell>
         <cell rend="right">0</cell>
         <cell rend="right">0</cell>
         <cell rend="right">0</cell>
         <cell rend="right">0</cell>
         <cell rend="right">0</cell>
         <cell rend="right">0</cell>
         <cell>header</cell>
         <cell/>
      </row>
      <row>
         <cell>ptr</cell>
         <cell rend="right">376134</cell>
         <cell rend="right">0</cell>
         <cell rend="right">0</cell>
         <cell rend="right">180</cell>
         <cell rend="right">0</cell>
         <cell rend="right">635</cell>
         <cell> </cell>
         <cell>
            <gi>ref</gi>
         </cell>
      </row>
      <row>
         <cell>pubPlace</cell>
         <cell rend="right">0</cell>
         <cell rend="right">0</cell>
         <cell rend="right">37</cell>
         <cell rend="right">2</cell>
         <cell rend="right">918</cell>
         <cell rend="right">0</cell>
         <cell>titlepage</cell>
         <cell/>
      </row>
      <row>
         <cell>publicationStmt</cell>
         <cell rend="right">0</cell>
         <cell rend="right">0</cell>
         <cell rend="right">0</cell>
         <cell rend="right">0</cell>
         <cell rend="right">0</cell>
         <cell rend="right">0</cell>
         <cell>header</cell>
         <cell/>
      </row>
      <row>
         <cell>publisher</cell>
         <cell rend="right">0</cell>
         <cell rend="right">2</cell>
         <cell rend="right">35</cell>
         <cell rend="right">0</cell>
         <cell rend="right">910</cell>
         <cell rend="right">0</cell>
         <cell>titlepage</cell>
         <cell/>
      </row>
      <row>
         <cell>q</cell>
         <cell rend="right">212432</cell>
         <cell rend="right">4270</cell>
         <cell rend="right">29</cell>
         <cell rend="right">5829</cell>
         <cell rend="right">0</cell>
         <cell rend="right">695548</cell>
         <cell>interpretation</cell>
         <cell/>
      </row>
      <row>
         <cell>quote</cell>
         <cell rend="right">0</cell>
         <cell rend="right">5459</cell>
         <cell rend="right">270</cell>
         <cell rend="right">2597</cell>
         <cell rend="right">5744</cell>
         <cell rend="right">0</cell>
         <cell>interpretation</cell>
         <cell/>
      </row>
      <row>
         <cell>ref</cell>
         <cell rend="right">537332</cell>
         <cell rend="right">240</cell>
         <cell rend="right">1119</cell>
         <cell rend="right">1240</cell>
         <cell rend="right">140328</cell>
         <cell rend="right">3541</cell>
         <cell>interpretation</cell>
         <cell/>
      </row>
      <row>
         <cell>reg</cell>
         <cell rend="right">442</cell>
         <cell rend="right">0</cell>
         <cell rend="right">57311</cell>
         <cell rend="right">274</cell>
         <cell rend="right">2765</cell>
         <cell rend="right">0</cell>
         <cell>editorial</cell>
         <cell/>
      </row>
      <row>
         <cell>relatedItem</cell>
         <cell rend="right">0</cell>
         <cell rend="right">0</cell>
         <cell rend="right">0</cell>
         <cell rend="right">0</cell>
         <cell rend="right">0</cell>
         <cell rend="right">0</cell>
         <cell>header</cell>
         <cell/>
      </row>
      <row>
         <cell>repository</cell>
         <cell rend="right">0</cell>
         <cell rend="right">0</cell>
         <cell rend="right">0</cell>
         <cell rend="right">0</cell>
         <cell rend="right">0</cell>
         <cell rend="right">0</cell>
         <cell>header</cell>
         <cell/>
      </row>
      <row>
         <cell>resp</cell>
         <cell rend="right">0</cell>
         <cell rend="right">0</cell>
         <cell rend="right">0</cell>
         <cell rend="right">0</cell>
         <cell rend="right">0</cell>
         <cell rend="right">0</cell>
         <cell>header</cell>
         <cell/>
      </row>
      <row>
         <cell>respStmt</cell>
         <cell rend="right">0</cell>
         <cell rend="right">0</cell>
         <cell rend="right">0</cell>
         <cell rend="right">0</cell>
         <cell rend="right">0</cell>
         <cell rend="right">0</cell>
         <cell>header</cell>
         <cell/>
      </row>
      <row>
         <cell>rhyme</cell>
         <cell rend="right">0</cell>
         <cell rend="right">0</cell>
         <cell rend="right">0</cell>
         <cell rend="right">0</cell>
         <cell rend="right">0</cell>
         <cell rend="right">0</cell>
         <cell>interpretation</cell>
         <cell/>
      </row>
      <row>
         <cell>role</cell>
         <cell rend="right">0</cell>
         <cell rend="right">0</cell>
         <cell rend="right">33</cell>
         <cell rend="right">31</cell>
         <cell rend="right">735</cell>
         <cell rend="right">0</cell>
         <cell>castlist</cell>
         <cell/>
      </row>
      <row>
         <cell>roleDesc</cell>
         <cell rend="right">0</cell>
         <cell rend="right">0</cell>
         <cell rend="right">9</cell>
         <cell rend="right">0</cell>
         <cell rend="right">70</cell>
         <cell rend="right">0</cell>
         <cell>castlist</cell>
         <cell/>
      </row>
      <row>
         <cell>roleName</cell>
         <cell rend="right">0</cell>
         <cell rend="right">0</cell>
         <cell rend="right">70</cell>
         <cell rend="right">0</cell>
         <cell rend="right">0</cell>
         <cell rend="right">0</cell>
         <cell> </cell>
         <cell>
            <gi>name</gi>
         </cell>
      </row>
      <row>
         <cell>row</cell>
         <cell rend="right">2064752</cell>
         <cell rend="right">70</cell>
         <cell rend="right">1311</cell>
         <cell rend="right">327</cell>
         <cell rend="right">12571</cell>
         <cell rend="right">799618</cell>
         <cell>table</cell>
         <cell/>
      </row>
      <row>
         <cell>rs</cell>
         <cell rend="right">1</cell>
         <cell rend="right">5</cell>
         <cell rend="right">0</cell>
         <cell rend="right">0</cell>
         <cell rend="right">0</cell>
         <cell rend="right">0</cell>
         <cell>interpretation</cell>
         <cell/>
      </row>
      <row>
         <cell>s</cell>
         <cell rend="right">1</cell>
         <cell rend="right">0</cell>
         <cell rend="right">0</cell>
         <cell rend="right">0</cell>
         <cell rend="right">0</cell>
         <cell rend="right">0</cell>
         <cell>linguistic</cell>
         <cell/>
      </row>
      <row>
         <cell>salute</cell>
         <cell rend="right">0</cell>
         <cell rend="right">11</cell>
         <cell rend="right">10</cell>
         <cell rend="right">97</cell>
         <cell rend="right">2490</cell>
         <cell rend="right">64544</cell>
         <cell>wrapper</cell>
         <cell/>
      </row>
      <row>
         <cell>seg</cell>
         <cell rend="right">46611</cell>
         <cell rend="right">47</cell>
         <cell rend="right">0</cell>
         <cell rend="right">10304</cell>
         <cell rend="right">0</cell>
         <cell rend="right">148733</cell>
         <cell>interpretation</cell>
         <cell/>
      </row>
      <row>
         <cell>sic</cell>
         <cell rend="right">0</cell>
         <cell rend="right">0</cell>
         <cell rend="right">3707</cell>
         <cell rend="right">534</cell>
         <cell rend="right">5960</cell>
         <cell rend="right">0</cell>
         <cell>editorial</cell>
         <cell/>
      </row>
      <row>
         <cell>signed</cell>
         <cell rend="right">93</cell>
         <cell rend="right">33</cell>
         <cell rend="right">37</cell>
         <cell rend="right">118</cell>
         <cell rend="right">48</cell>
         <cell rend="right">106105</cell>
         <cell>wrapper</cell>
         <cell/>
      </row>
      <row>
         <cell>soCalled</cell>
         <cell rend="right">2</cell>
         <cell rend="right">0</cell>
         <cell rend="right">0</cell>
         <cell rend="right">12</cell>
         <cell rend="right">0</cell>
         <cell rend="right">0</cell>
         <cell> </cell>
         <cell>
            <gi>q</gi>
         </cell>
      </row>
      <row>
         <cell>sourceDesc</cell>
         <cell rend="right">0</cell>
         <cell rend="right">0</cell>
         <cell rend="right">0</cell>
         <cell rend="right">0</cell>
         <cell rend="right">0</cell>
         <cell rend="right">0</cell>
         <cell>header</cell>
         <cell/>
      </row>
      <row>
         <cell>sp</cell>
         <cell rend="right">320117</cell>
         <cell rend="right">12</cell>
         <cell rend="right">1997</cell>
         <cell rend="right">76237</cell>
         <cell rend="right">42050</cell>
         <cell rend="right">1661335</cell>
         <cell>structure</cell>
         <cell/>
      </row>
      <row>
         <cell>spGrp</cell>
         <cell rend="right">0</cell>
         <cell rend="right">0</cell>
         <cell rend="right">0</cell>
         <cell rend="right">0</cell>
         <cell rend="right">35</cell>
         <cell rend="right">0</cell>
         <cell>structure</cell>
         <cell/>
      </row>
      <row>
         <cell>space</cell>
         <cell rend="right">0</cell>
         <cell rend="right">1044</cell>
         <cell rend="right">19559</cell>
         <cell rend="right">0</cell>
         <cell rend="right">20962</cell>
         <cell rend="right">0</cell>
         <cell>editorial</cell>
         <cell/>
      </row>
      <row>
         <cell>speaker</cell>
         <cell rend="right">304183</cell>
         <cell rend="right">12</cell>
         <cell rend="right">1978</cell>
         <cell rend="right">76198</cell>
         <cell rend="right">42021</cell>
         <cell rend="right">1652394</cell>
         <cell>structure</cell>
         <cell/>
      </row>
      <row>
         <cell>stage</cell>
         <cell rend="right">60645</cell>
         <cell rend="right">39</cell>
         <cell rend="right">17</cell>
         <cell rend="right">10195</cell>
         <cell rend="right">14041</cell>
         <cell rend="right">246384</cell>
         <cell>structure</cell>
         <cell/>
      </row>
      <row>
         <cell>subst</cell>
         <cell rend="right">0</cell>
         <cell rend="right">0</cell>
         <cell rend="right">11</cell>
         <cell rend="right">0</cell>
         <cell rend="right">0</cell>
         <cell rend="right">2</cell>
         <cell>editorial</cell>
         <cell/>
      </row>
      <row>
         <cell>supplied</cell>
         <cell rend="right">0</cell>
         <cell rend="right">0</cell>
         <cell rend="right">34</cell>
         <cell rend="right">0</cell>
         <cell rend="right">11095</cell>
         <cell rend="right">0</cell>
         <cell>editorial</cell>
         <cell/>
      </row>
      <row>
         <cell>surname</cell>
         <cell rend="right">0</cell>
         <cell rend="right">490</cell>
         <cell rend="right">38</cell>
         <cell rend="right">0</cell>
         <cell rend="right">0</cell>
         <cell rend="right">0</cell>
         <cell> </cell>
         <cell>
            <gi>name</gi>
         </cell>
      </row>
      <row>
         <cell>table</cell>
         <cell rend="right">164693</cell>
         <cell rend="right">7</cell>
         <cell rend="right">103</cell>
         <cell rend="right">19</cell>
         <cell rend="right">5219</cell>
         <cell rend="right">43935</cell>
         <cell>table</cell>
         <cell/>
      </row>
      <row>
         <cell>teiCorpus</cell>
         <cell rend="right">0</cell>
         <cell rend="right">0</cell>
         <cell rend="right">0</cell>
         <cell rend="right">0</cell>
         <cell rend="right">0</cell>
         <cell rend="right">0</cell>
         <cell>structure</cell>
         <cell/>
      </row>
      <row>
         <cell>teiHeader</cell>
         <cell rend="right">0</cell>
         <cell rend="right">0</cell>
         <cell rend="right">0</cell>
         <cell rend="right">0</cell>
         <cell rend="right">0</cell>
         <cell rend="right">0</cell>
         <cell>header</cell>
         <cell/>
      </row>
      <row>
         <cell>term</cell>
         <cell rend="right">1451</cell>
         <cell rend="right">113</cell>
         <cell rend="right">181</cell>
         <cell rend="right">51</cell>
         <cell rend="right">0</cell>
         <cell rend="right">0</cell>
         <cell/>
         <cell>
            <gi>seg</gi>
         </cell>
      </row>
      <row>
         <cell>text</cell>
         <cell rend="right">10171</cell>
         <cell rend="right">126</cell>
         <cell rend="right">50</cell>
         <cell rend="right">645</cell>
         <cell rend="right">848</cell>
         <cell rend="right">69238</cell>
         <cell>structure</cell>
         <cell/>
      </row>
      <row>
         <cell>textClass</cell>
         <cell rend="right">0</cell>
         <cell rend="right">0</cell>
         <cell rend="right">0</cell>
         <cell rend="right">0</cell>
         <cell rend="right">0</cell>
         <cell rend="right">0</cell>
         <cell>header</cell>
         <cell/>
      </row>
      <row>
         <cell>textDesc</cell>
         <cell rend="right">0</cell>
         <cell rend="right">0</cell>
         <cell rend="right">0</cell>
         <cell rend="right">0</cell>
         <cell rend="right">0</cell>
         <cell rend="right">0</cell>
         <cell>header</cell>
         <cell/>
      </row>
      <row>
         <cell>time</cell>
         <cell rend="right">0</cell>
         <cell rend="right">0</cell>
         <cell rend="right">0</cell>
         <cell rend="right">0</cell>
         <cell rend="right">0</cell>
         <cell rend="right">0</cell>
         <cell>interpretation</cell>
         <cell/>
      </row>
      <row>
         <cell>title</cell>
         <cell rend="right">208735</cell>
         <cell rend="right">6583</cell>
         <cell rend="right">88</cell>
         <cell rend="right">265</cell>
         <cell rend="right">0</cell>
         <cell rend="right">0</cell>
         <cell>structure</cell>
         <cell/>
      </row>
      <row>
         <cell>titlePage</cell>
         <cell rend="right">0</cell>
         <cell rend="right">1</cell>
         <cell rend="right">48</cell>
         <cell rend="right">359</cell>
         <cell rend="right">1097</cell>
         <cell rend="right">0</cell>
         <cell>titlepage</cell>
         <cell/>
      </row>
      <row>
         <cell>titlePart</cell>
         <cell rend="right">0</cell>
         <cell rend="right">1</cell>
         <cell rend="right">85</cell>
         <cell rend="right">467</cell>
         <cell rend="right">2399</cell>
         <cell rend="right">0</cell>
         <cell>titlepage</cell>
         <cell/>
      </row>
      <row>
         <cell>titleStmt</cell>
         <cell rend="right">0</cell>
         <cell rend="right">0</cell>
         <cell rend="right">0</cell>
         <cell rend="right">0</cell>
         <cell rend="right">0</cell>
         <cell rend="right">0</cell>
         <cell>header</cell>
         <cell/>
      </row>
      <row>
         <cell>trailer</cell>
         <cell rend="right">0</cell>
         <cell rend="right">2</cell>
         <cell rend="right">104</cell>
         <cell rend="right">230</cell>
         <cell rend="right">363</cell>
         <cell rend="right">69313</cell>
         <cell>wrapper</cell>
         <cell/>
      </row>
      <row>
         <cell>typeDesc</cell>
         <cell rend="right">0</cell>
         <cell rend="right">0</cell>
         <cell rend="right">0</cell>
         <cell rend="right">0</cell>
         <cell rend="right">0</cell>
         <cell rend="right">0</cell>
         <cell>header</cell>
         <cell/>
      </row>
      <row>
         <cell>unclear</cell>
         <cell rend="right">0</cell>
         <cell rend="right">1</cell>
         <cell rend="right">117</cell>
         <cell rend="right">2658</cell>
         <cell rend="right">0</cell>
         <cell rend="right">4038</cell>
         <cell>editorial</cell>
         <cell/>
      </row>
      <row>
         <cell>value</cell>
         <cell rend="right">0</cell>
         <cell rend="right">0</cell>
         <cell rend="right">0</cell>
         <cell rend="right">0</cell>
         <cell rend="right">0</cell>
         <cell rend="right">0</cell>
         <cell>header</cell>
         <cell/>
      </row>
      <row>
         <cell>w</cell>
         <cell rend="right">0</cell>
         <cell rend="right">0</cell>
         <cell rend="right">0</cell>
         <cell rend="right">0</cell>
         <cell rend="right">0</cell>
         <cell rend="right">0</cell>
         <cell>linguistic</cell>
         <cell/>
      </row>
   </table>
   <list type="gloss">
      <label>castlist</label>
      <item>
         <gi>actor</gi> 
         <gi>castGroup</gi> 
         <gi>castItem</gi> 
         <gi>castList</gi> 
         <gi>role</gi> 
         <gi>roleDesc</gi> 
      </item>
      <label>character</label>
      <item>
         <gi>g</gi> 
      </item>
      <label>editorial</label>
      <item>
         <gi>abbr</gi> 
         <gi>add</gi> 
         <gi>addSpan</gi> 
         <gi>am</gi> 
         <gi>choice</gi> 
         <gi>corr</gi> 
         <gi>del</gi> 
         <gi>desc</gi> 
         <gi>ex</gi> 
         <gi>expan</gi> 
         <gi>gap</gi> 
         <gi>handShift</gi> 
         <gi>orig</gi> 
         <gi>reg</gi> 
         <gi>sic</gi> 
         <gi>space</gi> 
         <gi>subst</gi> 
         <gi>supplied</gi> 
         <gi>unclear</gi> 
      </item>
      <label>header</label>
      <item>
         <gi>att</gi> 
         <gi>biblFull</gi> 
         <gi>biblScope</gi> 
         <gi>biblStruct</gi> 
         <gi>change</gi> 
         <gi>charDecl</gi> 
         <gi>charProp</gi> 
         <gi>editor</gi> 
         <gi>editorialDecl</gi> 
         <gi>email</gi> 
         <gi>encodingDesc</gi> 
         <gi>extent</gi> 
         <gi>fileDesc</gi> 
         <gi>gi</gi> 
         <gi>glyph</gi> 
         <gi>glyphName</gi> 
         <gi>idno</gi> 
         <gi>imprint</gi> 
         <gi>keywords</gi> 
         <gi>licence</gi> 
         <gi>listChange</gi> 
         <gi>listPerson</gi> 
         <gi>localName</gi> 
         <gi>monogr</gi> 
         <gi>msDesc</gi> 
         <gi>msIdentifier</gi> 
         <gi>physDesc</gi> 
         <gi>profileDesc</gi> 
         <gi>publicationStmt</gi> 
         <gi>relatedItem</gi> 
         <gi>repository</gi> 
         <gi>resp</gi> 
         <gi>respStmt</gi> 
         <gi>sourceDesc</gi> 
         <gi>teiHeader</gi> 
         <gi>textClass</gi> 
         <gi>textDesc</gi> 
         <gi>titleStmt</gi> 
         <gi>typeDesc</gi> 
         <gi>value</gi> 
      </item>
      <label>interpretation</label>
      <item>
         <gi>author</gi> 
         <gi>date</gi> 
         <gi>foreign</gi> 
         <gi>hi</gi> 
         <gi>measure</gi> 
         <gi>name</gi> 
         <gi>num</gi> 
         <gi>q</gi> 
         <gi>quote</gi> 
         <gi>ref</gi> 
         <gi>rhyme</gi> 
         <gi>rs</gi> 
         <gi>seg</gi> 
         <gi>time</gi> 
      </item>
      <label>linguistic</label>
      <item>
         <gi>c</gi> 
         <gi>pc</gi> 
         <gi>s</gi> 
         <gi>w</gi> 
      </item>
      <label>pictures</label>
      <item>
         <gi>figDesc</gi> 
         <gi>figure</gi> 
         <gi>graphic</gi> 
      </item>
      <label>structure</label>
      <item>
         <gi>ab</gi> 
         <gi>address</gi> 
         <gi>addrLine</gi> 
         <gi>anchor</gi> 
         <gi>back</gi> 
         <gi>bibl</gi> 
         <gi>body</gi> 
         <gi>cb</gi> 
         <gi>cit</gi> 
         <gi>div</gi> 
         <gi>floatingText</gi> 
         <gi>formula</gi> 
         <gi>front</gi> 
         <gi>fw</gi> 
         <gi>group</gi> 
         <gi>head</gi> 
         <gi>item</gi> 
         <gi>l</gi> 
         <gi>label</gi> 
         <gi>lb</gi> 
         <gi>lg</gi> 
         <gi>list</gi> 
         <gi>listBibl</gi> 
         <gi>milestone</gi> 
         <gi>note</gi> 
         <gi>p</gi> 
         <gi>pb</gi> 
         <gi>sp</gi> 
         <gi>speaker</gi> 
         <gi>spGrp</gi> 
         <gi>stage</gi> 
         <gi>TEI</gi> 
         <gi>teiCorpus</gi> 
         <gi>text</gi> 
         <gi>title</gi> 
      </item>
      <label>table</label>
      <item>
         <gi>cell</gi> 
         <gi>row</gi> 
         <gi>table</gi> 
      </item>
      <label>titlepage</label>
      <item>
         <gi>docAuthor</gi> 
         <gi>docDate</gi> 
         <gi>docEdition</gi> 
         <gi>docImprint</gi> 
         <gi>docTitle</gi> 
         <gi>imprimatur</gi> 
         <gi>publisher</gi> 
         <gi>pubPlace</gi> 
         <gi>titlePage</gi> 
         <gi>titlePart</gi> 
      </item>
      <label>wrapper</label>
      <item>
         <gi>argument</gi> 
         <gi>byline</gi> 
         <gi>closer</gi> 
         <gi>dateline</gi> 
         <gi>epigraph</gi> 
         <gi>opener</gi> 
         <gi>postscript</gi> 
         <gi>salute</gi> 
         <gi>signed</gi> 
         <gi>trailer</gi> 
      </item>
   </list>
</div>
