<?xml version="1.0" encoding="UTF-8"?>
<specGrp xmlns="http://www.tei-c.org/ns/1.0"
         xmlns:XSL="http://www.w3.org/1999/XSL/Transform"
         xml:id="simpleelements">
   <elementRef key="ab"/>
   <elementRef key="abbr"/>
   <elementRef key="actor"/>
   <elementRef key="add"/>
   <elementRef key="address"/>
   <elementRef key="addrLine"/>
   <elementRef key="addSpan"/>
   <elementRef key="am"/>
   <elementRef key="anchor"/>
   <elementRef key="argument"/>
   <elementRef key="author"/>
   <elementRef key="back"/>
   <elementRef key="bibl"/>
   <elementRef key="body"/>
   <elementRef key="byline"/>
   <elementRef key="c"/>
   <elementRef key="castGroup"/>
   <elementRef key="castItem"/>
   <elementRef key="castList"/>
   <elementRef key="cb"/>
   <elementRef key="cell"/>
   <elementRef key="choice"/>
   <elementRef key="cit"/>
   <elementRef key="closer"/>
   <elementRef key="corr"/>
   <elementRef key="date"/>
   <elementRef key="dateline"/>
   <elementRef key="del"/>
   <elementRef key="desc"/>
   <elementRef key="div"/>
   <elementRef key="docAuthor"/>
   <elementRef key="docDate"/>
   <elementRef key="docEdition"/>
   <elementRef key="docImprint"/>
   <elementRef key="docTitle"/>
   <elementRef key="epigraph"/>
   <elementRef key="ex"/>
   <elementRef key="expan"/>
   <elementRef key="figDesc"/>
   <elementRef key="figure"/>
   <elementRef key="floatingText"/>
   <elementRef key="foreign"/>
   <elementRef key="formula"/>
   <elementRef key="front"/>
   <elementRef key="fw"/>
   <elementRef key="g"/>
   <elementRef key="gap"/>
   <elementRef key="graphic"/>
   <elementRef key="group"/>
   <elementRef key="handShift"/>
   <elementRef key="head"/>
   <elementRef key="hi"/>
   <elementRef key="imprimatur"/>
   <elementRef key="item"/>
   <elementRef key="l"/>
   <elementRef key="label"/>
   <elementRef key="lb"/>
   <elementRef key="lg"/>
   <elementRef key="list"/>
   <elementRef key="listBibl"/>
   <elementRef key="measure"/>
   <elementRef key="milestone"/>
   <elementRef key="name"/>
   <elementRef key="note"/>
   <elementRef key="num"/>
   <elementRef key="opener"/>
   <elementRef key="orig"/>
   <elementRef key="p"/>
   <elementRef key="pb"/>
   <elementRef key="pc"/>
   <elementRef key="postscript"/>
   <elementRef key="publisher"/>
   <elementRef key="pubPlace"/>
   <elementRef key="q"/>
   <elementRef key="quote"/>
   <elementRef key="ref"/>
   <elementRef key="reg"/>
   <elementRef key="rhyme"/>
   <elementRef key="role"/>
   <elementRef key="roleDesc"/>
   <elementRef key="row"/>
   <elementRef key="rs"/>
   <elementRef key="s"/>
   <elementRef key="salute"/>
   <elementRef key="seg"/>
   <elementRef key="sic"/>
   <elementRef key="signed"/>
   <elementRef key="sp"/>
   <elementRef key="space"/>
   <elementRef key="speaker"/>
   <elementRef key="spGrp"/>
   <elementRef key="stage"/>
   <elementRef key="subst"/>
   <elementRef key="supplied"/>
   <elementRef key="table"/>
   <elementRef key="TEI"/>
   <elementRef key="teiCorpus"/>
   <elementRef key="text"/>
   <elementRef key="time"/>
   <elementRef key="title"/>
   <elementRef key="titlePage"/>
   <elementRef key="titlePart"/>
   <elementRef key="trailer"/>
   <elementRef key="unclear"/>
   <elementRef key="w"/>
</specGrp>
