<catalog xmlns="urn:oasis:names:tc:entity:xmlns:xml:catalog">
    <public publicId="-//TEI P4//ELEMENTS Additional Element Set for Simple Analysis//EN" uri="teiana2.dtd"/>
    <system systemId="http://www.tei-c.org/Guidelines/DTD/teiana2.dtd" uri="teiana2.dtd"/>
    <public publicId="-//TEI P4//ENTITIES Element Classes for Simple Analysis//EN" uri="teiana2.ent"/>
    <system systemId="http://www.tei-c.org/Guidelines/DTD/teiana2.ent" uri="teiana2.ent"/>
    <public publicId="-//TEI P4//ELEMENTS Back Matter//EN" uri="teiback2.dtd"/>
    <system systemId="http://www.tei-c.org/Guidelines/DTD/teiback2.dtd" uri="teiback2.dtd"/>
    <public publicId="-//TEI P4//ENTITIES TEI ElementClasses//EN" uri="teiclas2.ent"/>
    <system systemId="http://www.tei-c.org/Guidelines/DTD/teiclas2.ent" uri="teiclas2.ent"/>
    <public publicId="-//TEI P4//ELEMENTS Core Elements//EN" uri="teicore2.dtd"/>
    <system systemId="http://www.tei-c.org/Guidelines/DTD/teicore2.dtd" uri="teicore2.dtd"/>
    <public publicId="-//TEI P4//ELEMENTS Front Matter//EN" uri="teifron2.dtd"/>
    <system systemId="http://www.tei-c.org/Guidelines/DTD/teifron2.dtd" uri="teifron2.dtd"/>
    <public publicId="-//TEI P4//ELEMENTS TEI Header//EN" uri="teihdr2.dtd"/>
    <system systemId="http://www.tei-c.org/Guidelines/DTD/teihdr2.dtd" uri="teihdr2.dtd"/>
    <public publicId="-//TEI P4//ELEMENTS Default Text Structure//EN" uri="teistr2.dtd"/>
    <system systemId="http://www.tei-c.org/Guidelines/DTD/teistr2.dtd" uri="teistr2.dtd"/>
    <public publicId="-//TEI P4//ELEMENTS Additional Element Set for Certainty and Responsibility//EN" uri="teicert2.dtd"/>
    <system systemId="http://www.tei-c.org/Guidelines/DTD/teicert2.dtd" uri="teicert2.dtd"/>
    <public publicId="-//TEI P4//ELEMENTS Additional Element Set for Language Corpora//EN" uri="teicorp2.dtd"/>
    <system systemId="http://www.tei-c.org/Guidelines/DTD/teicorp2.dtd" uri="teicorp2.dtd"/>
    <public publicId="-//TEI P4//ELEMENTS Base Element Set for Print Dictionaries//EN" uri="teidict2.dtd"/>
    <system systemId="http://www.tei-c.org/Guidelines/DTD/teidict2.dtd" uri="teidict2.dtd"/>
    <public publicId="-//TEI P4//ENTITIES Element Classes for Print Dictionaries//EN" uri="teidict2.ent"/>
    <system systemId="http://www.tei-c.org/Guidelines/DTD/teidict2.ent" uri="teidict2.ent"/>
    <public publicId="-//TEI P4//ELEMENTS Base Element Set for Drama 2001-12//EN" uri="teidram2.dtd"/>
    <system systemId="http://www.tei-c.org/Guidelines/DTD/teidram2.dtd" uri="teidram2.dtd"/>
    <public publicId="-//TEI P4//ENTITIES Element Classes for Drama//EN" uri="teidram2.ent"/>
    <system systemId="http://www.tei-c.org/Guidelines/DTD/teidram2.ent" uri="teidram2.ent"/>
    <public publicId="-//TEI P4//ELEMENTS Additional Element Set for Tables, Formulae, and Graphics//EN" uri="teifig2.dtd"/>
    <system systemId="http://www.tei-c.org/Guidelines/DTD/teifig2.dtd" uri="teifig2.dtd"/>
    <public publicId="-//TEI P4//ENTITIES Formulae Notations and Contents//EN" uri="teifig2.ent"/>
    <system systemId="http://www.tei-c.org/Guidelines/DTD/teifig2.ent" uri="teifig2.ent"/>
    <public publicId="-//TEI P4//DTD Auxiliary Document Type:  Feature System Declaration//EN" uri="teifsd2.dtd"/>
    <system systemId="http://www.tei-c.org/Guidelines/DTD/teifsd2.dtd" uri="teifsd2.dtd"/>
    <public publicId="-//TEI P4//ELEMENTS Additional Element Set for Feature Structure Annotation//EN" uri="teifs2.dtd"/>
    <system systemId="http://www.tei-c.org/Guidelines/DTD/teifs2.dtd" uri="teifs2.dtd"/>
    <public publicId="-//TEI P4//ELEMENTS General Base Element Set//EN" uri="teigen2.dtd"/>
    <system systemId="http://www.tei-c.org/Guidelines/DTD/teigen2.dtd" uri="teigen2.dtd"/>
    <public publicId="-//TEI P4//DTD Main Document Type//EN" uri="tei2.dtd"/>
    <system systemId="http://www.tei-c.org/Guidelines/DTD/tei2.dtd" uri="tei2.dtd"/>
    <public publicId="-//TEI P4//ENTITIES Generic Identifiers//EN" uri="teigis2.ent"/>
    <system systemId="http://www.tei-c.org/Guidelines/DTD/teigis2.ent" uri="teigis2.ent"/>
    <public publicId="-//TEI P4//ENTITIES TEI Keywords//EN" uri="teikey2.ent"/>
    <system systemId="http://www.tei-c.org/Guidelines/DTD/teikey2.ent" uri="teikey2.ent"/>
    <public publicId="-//TEI P4//ELEMENTS Additional Element Set for Linking, Segmentation, and Alignment//EN" uri="teilink2.dtd"/>
    <system systemId="http://www.tei-c.org/Guidelines/DTD/teilink2.dtd" uri="teilink2.dtd"/>
    <public publicId="-//TEI P4//ENTITIES Element Classes for Linking, Segmentation, and Alignment//EN" uri="teilink2.ent"/>
    <system systemId="http://www.tei-c.org/Guidelines/DTD/teilink2.ent" uri="teilink2.ent"/>
    <public publicId="-//TEI P4//ELEMENTS Base Element Set for Mixed Text Types//EN" uri="teimix2.dtd"/>
    <system systemId="http://www.tei-c.org/Guidelines/DTD/teimix2.dtd" uri="teimix2.dtd"/>
    <public publicId="-//TEI P4//ELEMENTS Additional Element Set for Names and Dates//EN" uri="teind2.dtd"/>
    <system systemId="http://www.tei-c.org/Guidelines/DTD/teind2.dtd" uri="teind2.dtd"/>
    <public publicId="-//TEI P4//ENTITIES Element Classes for Names and Dates//EN" uri="teind2.ent"/>
    <system systemId="http://www.tei-c.org/Guidelines/DTD/teind2.ent" uri="teind2.ent"/>
    <public publicId="-//TEI P4//ELEMENTS Additional Element Set for Graphs, Networks, and Trees//EN" uri="teinet2.dtd"/>
    <system systemId="http://www.tei-c.org/Guidelines/DTD/teinet2.dtd" uri="teinet2.dtd"/>
    <public publicId="-//TEI P4//ELEMENTS Base Element Set for Prose//EN" uri="teipros2.dtd"/>
    <system systemId="http://www.tei-c.org/Guidelines/DTD/teipros2.dtd" uri="teipros2.dtd"/>
    <public publicId="-//TEI P4//DTD Auxiliary Document Type: Independent TEI Header//EN" uri="teishd2.dtd"/>
    <system systemId="http://www.tei-c.org/Guidelines/DTD/teishd2.dtd" uri="teishd2.dtd"/>
    <public publicId="-//TEI P4//ELEMENTS Base Element Set for Transcriptions of Speech//EN" uri="teispok2.dtd"/>
    <system systemId="http://www.tei-c.org/Guidelines/DTD/teispok2.dtd" uri="teispok2.dtd"/>
    <public publicId="-//TEI P4//ENTITIES Element Classes for Transcriptions of Speech//EN" uri="teispok2.ent"/>
    <system systemId="http://www.tei-c.org/Guidelines/DTD/teispok2.ent" uri="teispok2.ent"/>
    <public publicId="-//TEI P4//ELEMENTS Additional Element Set for Text-Critical Apparatus//EN" uri="teitc2.dtd"/>
    <system systemId="http://www.tei-c.org/Guidelines/DTD/teitc2.dtd" uri="teitc2.dtd"/>
    <public publicId="-//TEI P4//ENTITIES Element Classes for Critical Apparatus//EN" uri="teitc2.ent"/>
    <system systemId="http://www.tei-c.org/Guidelines/DTD/teitc2.ent" uri="teitc2.ent"/>
    <public publicId="-//TEI P4//ELEMENTS Base Element Set for Terminological Data//EN" uri="teiterm2.dtd"/>
    <system systemId="http://www.tei-c.org/Guidelines/DTD/teiterm2.dtd" uri="teiterm2.dtd"/>
    <public publicId="-//TEI P4//ENTITIES Element Classes for Terminological Data//EN" uri="teiterm2.ent"/>
    <system systemId="http://www.tei-c.org/Guidelines/DTD/teiterm2.ent" uri="teiterm2.ent"/>
    <public publicId="-//TEI P4//ELEMENTS Terminological Databases (Flat)//EN" uri="teite2f.dtd"/>
    <system systemId="http://www.tei-c.org/Guidelines/DTD/teite2f.dtd" uri="teite2f.dtd"/>
    <public publicId="-//TEI P4//ELEMENTS Terminological Databases (Nested)//EN" uri="teite2n.dtd"/>
    <system systemId="http://www.tei-c.org/Guidelines/DTD/teite2n.dtd" uri="teite2n.dtd"/>
    <public publicId="-//TEI P4//ELEMENTS Additional Element Set for Transcription of Primary Sources//EN" uri="teitran2.dtd"/>
    <system systemId="http://www.tei-c.org/Guidelines/DTD/teitran2.dtd" uri="teitran2.dtd"/>
    <public publicId="-//TEI P4//ENTITIES Element Classes for Transcription of Primary Sources//EN" uri="teitran2.ent"/>
    <system systemId="http://www.tei-c.org/Guidelines/DTD/teitran2.ent" uri="teitran2.ent"/>
    <public publicId="-//TEI P4//DTD Auxiliary Document Type: Tag Set Documentation//EN" uri="teitsd2.dtd"/>
    <system systemId="http://www.tei-c.org/Guidelines/DTD/teitsd2.dtd" uri="teitsd2.dtd"/>
    <public publicId="-//TEI P4//ELEMENTS Base Element Set for Verse//EN" uri="teivers2.dtd"/>
    <system systemId="http://www.tei-c.org/Guidelines/DTD/teivers2.dtd" uri="teivers2.dtd"/>
    <public publicId="-//TEI P4//ENTITIES Element Classes for Verse//EN" uri="teivers2.ent"/>
    <system systemId="http://www.tei-c.org/Guidelines/DTD/teivers2.ent" uri="teivers2.ent"/>
    <public publicId="-//TEI P4//DTD Auxiliary Document Type: Writing System Declaration//EN" uri="teiwsd2.dtd"/>
    <system systemId="http://www.tei-c.org/Guidelines/DTD/teiwsd2.dtd" uri="teiwsd2.dtd"/>
    <public publicId="-//TEI P4//DTD Concurrent Document Type: Pages and  Lines//EN" uri="teipl2.dtd"/>
    <system systemId="http://www.tei-c.org/Guidelines/DTD/teipl2.dtd" uri="teipl2.dtd"/>    
    <system systemId="http://www.tei-c.org/Entity_Sets/Unicode/iso-lat1.ent" uri="iso-lat1.ent"/>
    <system systemId="http://www.tei-c.org/Entity_Sets/Unicode/iso-lat2.ent" uri="iso-lat2.ent"/>
    <system systemId="http://www.tei-c.org/Entity_Sets/Unicode/iso-num.ent" uri="iso-num.ent"/>
    <system systemId="http://www.tei-c.org/Entity_Sets/Unicode/iso-pub.ent" uri="iso-pub.ent"/>
</catalog>
