<?xml version="1.0"?>
<fop version="1.0">  
  <!-- Base URL for resolving relative URLs -->
  <base>.</base>
  <font-base>.</font-base>
  <!-- Source resolution in dpi (dots/pixels per inch) for determining the size of pixels in SVG and bitmap images, default: 72dpi -->
  <source-resolution>72</source-resolution>
  <!-- Target resolution in dpi (dots/pixels per inch) for specifying the target resolution for generated bitmaps, default: 72dpi -->
  <target-resolution>72</target-resolution>
  
  <!-- Default page-height and page-width, in case
       value is specified as auto -->
  <default-page-settings height="11in" width="8.26in"/>
  
  <!-- Information for specific renderers -->
  <!-- Uses renderer mime type for renderers -->
  <renderers>
    <renderer mime="application/pdf">
      <filterList>
        <!-- provides compression using zlib flate (default is on) -->
        <value>flate</value>
        
        <!-- encodes binary data into printable ascii characters (default off)
             This provides about a 4:5 expansion of data size -->
        <!-- <value>ascii-85</value> -->
        
        <!-- encodes binary data with hex representation (default off)
             This filter is not recommended as it doubles the data size -->
        <!-- <value>ascii-hex</value> -->
      </filterList>      
      <fonts>
        <font embed-url="fonts/GenBkBasR.ttf">
          <font-triplet name="GentiumBookBasic" style="normal" weight="normal"/>
        </font>
        <font embed-url="fonts/GenBkBasB.ttf">
          <font-triplet name="GentiumBookBasic" style="normal" weight="bold"/>
        </font>
        <font embed-url="fonts/GenBkBasI.ttf">
          <font-triplet name="GentiumBookBasic" style="italic" weight="normal"/>
        </font>
        <font embed-url="fonts/GenBkBasBI.ttf">
          <font-triplet name="GentiumBookBasic" style="italic" weight="bold"/>
        </font>
        <font embed-url="fonts/Roboto-Bold.ttf">
          <font-triplet name="Roboto" style="normal" weight="bold"/>
        </font>
        <font embed-url="fonts/Roboto-Light.ttf">
          <font-triplet name="Roboto" style="normal" weight="normal"/>
        </font>
        <font embed-url="fonts/Roboto-Medium.ttf">
          <font-triplet name="Roboto-medium" style="normal" weight="normal"/>
        </font>
        <font embed-url="fonts/Roboto-MediumItalic.ttf">
          <font-triplet name="Roboto-medium" style="italic" weight="normal"/>
        </font>
        <font embed-url="fonts/GentiumPlus-R.ttf">
          <font-triplet name="GentiumPlus" style="normal" weight="normal"/>
        </font>
        <font embed-url="fonts/GentiumPlus-I.ttf">
          <font-triplet name="GentiumPlus" style="italic" weight="normal"/>
        </font>
        <!-- GentiumPlus doesn't have bold (yet) -->
        <font embed-url="fonts/GenBkBasB.ttf">
          <font-triplet name="GentiumPlus" style="normal" weight="bold"/>
        </font>
        <font embed-url="fonts/DejaVuSansCondensed.ttf">
          <font-triplet name="DejaVu" style="normal" weight="normal"/>
        </font>
        <font embed-url="fonts/DejaVuSansMono.ttf">
          <font-triplet name="DejaVu-mono" style="normal" weight="normal"/>
        </font>
      </fonts>
    </renderer>    
  </renderers>
</fop>

